ball_x,ball_y,ball_vx,ball_vy,paddle_direction,paddle_y,Ball.RADIUS,Paddle.L,Paddle.STEP,WIDTH,HEIGHT,BORDER,VELOCITY,FPS
770,200,-5,-5,0,200,10,80,20,800,400,20,5,60
770,200,-5,-5,[0.00040568],200,10,80,20,800,400,20,5,60
765,195,-5,-5,[-0.00193772],220,10,80,20,800,400,20,5,60
760,190,-5,-5,[-0.00034356],200,10,80,20,800,400,20,5,60
755,185,-5,-5,[0.0012506],180,10,80,20,800,400,20,5,60
750,180,-5,-5,[-0.0010928],200,10,80,20,800,400,20,5,60
745,175,-5,-5,[0.00050137],180,10,80,20,800,400,20,5,60
740,170,-5,-5,[-0.00184203],200,10,80,20,800,400,20,5,60
735,165,-5,-5,[-0.00024787],180,10,80,20,800,400,20,5,60
730,160,-5,-5,[0.00134629],160,10,80,20,800,400,20,5,60
725,155,-5,-5,[-0.00099711],180,10,80,20,800,400,20,5,60
720,150,-5,-5,[0.00059705],160,10,80,20,800,400,20,5,60
715,145,-5,-5,[-0.00174634],180,10,80,20,800,400,20,5,60
710,140,-5,-5,[-0.00015218],160,10,80,20,800,400,20,5,60
705,135,-5,-5,[0.00144198],140,10,80,20,800,400,20,5,60
700,130,-5,-5,[-0.00090142],160,10,80,20,800,400,20,5,60
695,125,-5,-5,[0.00069274],140,10,80,20,800,400,20,5,60
690,120,-5,-5,[-0.00165066],160,10,80,20,800,400,20,5,60
685,115,-5,-5,[-5.6495974e-05],140,10,80,20,800,400,20,5,60
680,110,-5,-5,[0.00153766],120,10,80,20,800,400,20,5,60
675,105,-5,-5,[-0.00080573],140,10,80,20,800,400,20,5,60
670,100,-5,-5,[0.00078843],120,10,80,20,800,400,20,5,60
665,95,-5,-5,[-0.00155497],140,10,80,20,800,400,20,5,60
660,90,-5,-5,[3.91916173e-05],120,10,80,20,800,400,20,5,60
655,85,-5,-5,[-0.0023042],140,10,80,20,800,400,20,5,60
650,80,-5,-5,[-0.00071004],120,10,80,20,800,400,20,5,60
645,75,-5,-5,[0.00088412],100,10,80,20,800,400,20,5,60
640,70,-5,-5,[-0.00145928],120,10,80,20,800,400,20,5,60
635,65,-5,-5,[0.00013488],100,10,80,20,800,400,20,5,60
630,60,-5,-5,[-0.00220852],120,10,80,20,800,400,20,5,60
625,55,-5,-5,[-0.00061436],100,10,80,20,800,400,20,5,60
620,50,-5,-5,[0.0009798],80,10,80,20,800,400,20,5,60
615,45,-5,-5,[-0.00136359],100,10,80,20,800,400,20,5,60
610,40,-5,-5,[0.00023057],80,10,80,20,800,400,20,5,60
605,35,-5,-5,[-0.00211283],100,10,80,20,800,400,20,5,60
600,30,-5,-5,[-0.00051867],80,10,80,20,800,400,20,5,60
595,35,-5,5,[0.00182473],60,10,80,20,800,400,20,5,60
590,40,-5,5,[0.00023057],80,10,80,20,800,400,20,5,60
585,45,-5,5,[-0.00136359],100,10,80,20,800,400,20,5,60
580,50,-5,5,[0.0009798],80,10,80,20,800,400,20,5,60
575,55,-5,5,[-0.00061436],100,10,80,20,800,400,20,5,60
570,60,-5,5,[0.00172904],80,10,80,20,800,400,20,5,60
565,65,-5,5,[0.00013488],100,10,80,20,800,400,20,5,60
560,70,-5,5,[-0.00145928],120,10,80,20,800,400,20,5,60
555,75,-5,5,[0.00088412],100,10,80,20,800,400,20,5,60
550,80,-5,5,[-0.00071004],120,10,80,20,800,400,20,5,60
545,85,-5,5,[0.00163335],100,10,80,20,800,400,20,5,60
540,90,-5,5,[3.91916173e-05],120,10,80,20,800,400,20,5,60
535,95,-5,5,[-0.00155497],140,10,80,20,800,400,20,5,60
530,100,-5,5,[0.00078843],120,10,80,20,800,400,20,5,60
525,105,-5,5,[-0.00080573],140,10,80,20,800,400,20,5,60
520,110,-5,5,[0.00153766],120,10,80,20,800,400,20,5,60
515,115,-5,5,[-5.6495974e-05],140,10,80,20,800,400,20,5,60
510,120,-5,5,[0.0022869],120,10,80,20,800,400,20,5,60
505,125,-5,5,[0.00069274],140,10,80,20,800,400,20,5,60
500,130,-5,5,[-0.00090142],160,10,80,20,800,400,20,5,60
495,135,-5,5,[0.00144198],140,10,80,20,800,400,20,5,60
490,140,-5,5,[-0.00015218],160,10,80,20,800,400,20,5,60
485,145,-5,5,[0.00219121],140,10,80,20,800,400,20,5,60
480,150,-5,5,[0.00059705],160,10,80,20,800,400,20,5,60
475,155,-5,5,[-0.00099711],180,10,80,20,800,400,20,5,60
470,160,-5,5,[0.00134629],160,10,80,20,800,400,20,5,60
465,165,-5,5,[-0.00024787],180,10,80,20,800,400,20,5,60
460,170,-5,5,[0.00209553],160,10,80,20,800,400,20,5,60
455,175,-5,5,[0.00050137],180,10,80,20,800,400,20,5,60
450,180,-5,5,[-0.0010928],200,10,80,20,800,400,20,5,60
445,185,-5,5,[0.0012506],180,10,80,20,800,400,20,5,60
440,190,-5,5,[-0.00034356],200,10,80,20,800,400,20,5,60
435,195,-5,5,[0.00199984],180,10,80,20,800,400,20,5,60
430,200,-5,5,[0.00040568],200,10,80,20,800,400,20,5,60
425,205,-5,5,[-0.00118848],220,10,80,20,800,400,20,5,60
420,210,-5,5,[0.00115491],200,10,80,20,800,400,20,5,60
415,215,-5,5,[-0.00043925],220,10,80,20,800,400,20,5,60
410,220,-5,5,[0.00190415],200,10,80,20,800,400,20,5,60
405,225,-5,5,[0.00030999],220,10,80,20,800,400,20,5,60
400,230,-5,5,[-0.00128417],240,10,80,20,800,400,20,5,60
395,235,-5,5,[0.00105923],220,10,80,20,800,400,20,5,60
390,240,-5,5,[-0.00053493],240,10,80,20,800,400,20,5,60
385,245,-5,5,[0.00180846],220,10,80,20,800,400,20,5,60
380,250,-5,5,[0.0002143],240,10,80,20,800,400,20,5,60
375,255,-5,5,[-0.00137986],260,10,80,20,800,400,20,5,60
370,260,-5,5,[0.00096354],240,10,80,20,800,400,20,5,60
365,265,-5,5,[-0.00063062],260,10,80,20,800,400,20,5,60
360,270,-5,5,[0.00171278],240,10,80,20,800,400,20,5,60
355,275,-5,5,[0.00011861],260,10,80,20,800,400,20,5,60
350,280,-5,5,[-0.00147555],280,10,80,20,800,400,20,5,60
345,285,-5,5,[0.00086785],260,10,80,20,800,400,20,5,60
340,290,-5,5,[-0.00072631],280,10,80,20,800,400,20,5,60
335,295,-5,5,[0.00161709],260,10,80,20,800,400,20,5,60
330,300,-5,5,[2.29272027e-05],280,10,80,20,800,400,20,5,60
325,305,-5,5,[-0.00157123],300,10,80,20,800,400,20,5,60
320,310,-5,5,[0.00077216],280,10,80,20,800,400,20,5,60
315,315,-5,5,[-0.000822],300,10,80,20,800,400,20,5,60
310,320,-5,5,[0.0015214],280,10,80,20,800,400,20,5,60
305,325,-5,5,[-7.27603886e-05],300,10,80,20,800,400,20,5,60
300,330,-5,5,[0.00227064],280,10,80,20,800,400,20,5,60
295,335,-5,5,[0.00067648],300,10,80,20,800,400,20,5,60
290,340,-5,5,[-0.00091768],320,10,80,20,800,400,20,5,60
285,345,-5,5,[0.00142571],300,10,80,20,800,400,20,5,60
280,350,-5,5,[-0.00016845],320,10,80,20,800,400,20,5,60
275,355,-5,5,[0.00217495],300,10,80,20,800,400,20,5,60
270,360,-5,5,[0.00058079],320,10,80,20,800,400,20,5,60
265,365,-5,5,[-0.00101337],340,10,80,20,800,400,20,5,60
260,370,-5,5,[0.00133002],320,10,80,20,800,400,20,5,60
255,365,-5,-5,[-0.00101337],340,10,80,20,800,400,20,5,60
250,360,-5,-5,[0.00058079],320,10,80,20,800,400,20,5,60
245,355,-5,-5,[-0.00176261],340,10,80,20,800,400,20,5,60
240,350,-5,-5,[-0.00016845],320,10,80,20,800,400,20,5,60
235,345,-5,-5,[0.00142571],300,10,80,20,800,400,20,5,60
230,340,-5,-5,[-0.00091768],320,10,80,20,800,400,20,5,60
225,335,-5,-5,[0.00067648],300,10,80,20,800,400,20,5,60
220,330,-5,-5,[-0.00166692],320,10,80,20,800,400,20,5,60
215,325,-5,-5,[-7.27603886e-05],300,10,80,20,800,400,20,5,60
210,320,-5,-5,[0.0015214],280,10,80,20,800,400,20,5,60
205,315,-5,-5,[-0.000822],300,10,80,20,800,400,20,5,60
200,310,-5,-5,[0.00077216],280,10,80,20,800,400,20,5,60
195,305,-5,-5,[-0.00157123],300,10,80,20,800,400,20,5,60
190,300,-5,-5,[2.29272027e-05],280,10,80,20,800,400,20,5,60
185,295,-5,-5,[-0.00232047],300,10,80,20,800,400,20,5,60
180,290,-5,-5,[-0.00072631],280,10,80,20,800,400,20,5,60
175,285,-5,-5,[0.00086785],260,10,80,20,800,400,20,5,60
170,280,-5,-5,[-0.00147555],280,10,80,20,800,400,20,5,60
165,275,-5,-5,[0.00011861],260,10,80,20,800,400,20,5,60
160,270,-5,-5,[-0.00222478],280,10,80,20,800,400,20,5,60
155,265,-5,-5,[-0.00063062],260,10,80,20,800,400,20,5,60
150,260,-5,-5,[0.00096354],240,10,80,20,800,400,20,5,60
145,255,-5,-5,[-0.00137986],260,10,80,20,800,400,20,5,60
140,250,-5,-5,[0.0002143],240,10,80,20,800,400,20,5,60
135,245,-5,-5,[-0.00212909],260,10,80,20,800,400,20,5,60
130,240,-5,-5,[-0.00053493],240,10,80,20,800,400,20,5,60
125,235,-5,-5,[0.00105923],220,10,80,20,800,400,20,5,60
120,230,-5,-5,[-0.00128417],240,10,80,20,800,400,20,5,60
115,225,-5,-5,[0.00030999],220,10,80,20,800,400,20,5,60
110,220,-5,-5,[-0.00203341],240,10,80,20,800,400,20,5,60
105,215,-5,-5,[-0.00043925],220,10,80,20,800,400,20,5,60
100,210,-5,-5,[0.00115491],200,10,80,20,800,400,20,5,60
95,205,-5,-5,[-0.00118848],220,10,80,20,800,400,20,5,60
90,200,-5,-5,[0.00040568],200,10,80,20,800,400,20,5,60
85,195,-5,-5,[-0.00193772],220,10,80,20,800,400,20,5,60
80,190,-5,-5,[-0.00034356],200,10,80,20,800,400,20,5,60
75,185,-5,-5,[0.0012506],180,10,80,20,800,400,20,5,60
70,180,-5,-5,[-0.0010928],200,10,80,20,800,400,20,5,60
65,175,-5,-5,[0.00050137],180,10,80,20,800,400,20,5,60
60,170,-5,-5,[-0.00184203],200,10,80,20,800,400,20,5,60
55,165,-5,-5,[-0.00024787],180,10,80,20,800,400,20,5,60
50,160,-5,-5,[0.00134629],160,10,80,20,800,400,20,5,60
45,155,-5,-5,[-0.00099711],180,10,80,20,800,400,20,5,60
40,150,-5,-5,[0.00059705],160,10,80,20,800,400,20,5,60
35,145,-5,-5,[-0.00174634],180,10,80,20,800,400,20,5,60
30,140,-5,-5,[-0.00015218],160,10,80,20,800,400,20,5,60
35,135,5,-5,[0.00144198],140,10,80,20,800,400,20,5,60
40,130,5,-5,[-0.00090142],160,10,80,20,800,400,20,5,60
45,125,5,-5,[0.00069274],140,10,80,20,800,400,20,5,60
50,120,5,-5,[-0.00165066],160,10,80,20,800,400,20,5,60
55,115,5,-5,[-5.6495974e-05],140,10,80,20,800,400,20,5,60
60,110,5,-5,[0.00153766],120,10,80,20,800,400,20,5,60
65,105,5,-5,[-0.00080573],140,10,80,20,800,400,20,5,60
70,100,5,-5,[0.00078843],120,10,80,20,800,400,20,5,60
75,95,5,-5,[-0.00155497],140,10,80,20,800,400,20,5,60
80,90,5,-5,[3.91916173e-05],120,10,80,20,800,400,20,5,60
85,85,5,-5,[-0.0023042],140,10,80,20,800,400,20,5,60
90,80,5,-5,[-0.00071004],120,10,80,20,800,400,20,5,60
95,75,5,-5,[0.00088412],100,10,80,20,800,400,20,5,60
100,70,5,-5,[-0.00145928],120,10,80,20,800,400,20,5,60
105,65,5,-5,[0.00013488],100,10,80,20,800,400,20,5,60
110,60,5,-5,[-0.00220852],120,10,80,20,800,400,20,5,60
115,55,5,-5,[-0.00061436],100,10,80,20,800,400,20,5,60
120,50,5,-5,[0.0009798],80,10,80,20,800,400,20,5,60
125,45,5,-5,[-0.00136359],100,10,80,20,800,400,20,5,60
130,40,5,-5,[0.00023057],80,10,80,20,800,400,20,5,60
135,35,5,-5,[-0.00211283],100,10,80,20,800,400,20,5,60
140,30,5,-5,[-0.00051867],80,10,80,20,800,400,20,5,60
145,35,5,5,[0.00182473],60,10,80,20,800,400,20,5,60
150,40,5,5,[0.00023057],80,10,80,20,800,400,20,5,60
155,45,5,5,[-0.00136359],100,10,80,20,800,400,20,5,60
160,50,5,5,[0.0009798],80,10,80,20,800,400,20,5,60
165,55,5,5,[-0.00061436],100,10,80,20,800,400,20,5,60
170,60,5,5,[0.00172904],80,10,80,20,800,400,20,5,60
175,65,5,5,[0.00013488],100,10,80,20,800,400,20,5,60
180,70,5,5,[-0.00145928],120,10,80,20,800,400,20,5,60
185,75,5,5,[0.00088412],100,10,80,20,800,400,20,5,60
190,80,5,5,[-0.00071004],120,10,80,20,800,400,20,5,60
195,85,5,5,[0.00163335],100,10,80,20,800,400,20,5,60
200,90,5,5,[3.91916173e-05],120,10,80,20,800,400,20,5,60
205,95,5,5,[-0.00155497],140,10,80,20,800,400,20,5,60
210,100,5,5,[0.00078843],120,10,80,20,800,400,20,5,60
215,105,5,5,[-0.00080573],140,10,80,20,800,400,20,5,60
220,110,5,5,[0.00153766],120,10,80,20,800,400,20,5,60
225,115,5,5,[-5.6495974e-05],140,10,80,20,800,400,20,5,60
230,120,5,5,[0.0022869],120,10,80,20,800,400,20,5,60
235,125,5,5,[0.00069274],140,10,80,20,800,400,20,5,60
240,130,5,5,[-0.00090142],160,10,80,20,800,400,20,5,60
245,135,5,5,[0.00144198],140,10,80,20,800,400,20,5,60
250,140,5,5,[-0.00015218],160,10,80,20,800,400,20,5,60
255,145,5,5,[0.00219121],140,10,80,20,800,400,20,5,60
260,150,5,5,[0.00059705],160,10,80,20,800,400,20,5,60
265,155,5,5,[-0.00099711],180,10,80,20,800,400,20,5,60
270,160,5,5,[0.00134629],160,10,80,20,800,400,20,5,60
275,165,5,5,[-0.00024787],180,10,80,20,800,400,20,5,60
280,170,5,5,[0.00209553],160,10,80,20,800,400,20,5,60
285,175,5,5,[0.00050137],180,10,80,20,800,400,20,5,60
290,180,5,5,[-0.0010928],200,10,80,20,800,400,20,5,60
295,185,5,5,[0.0012506],180,10,80,20,800,400,20,5,60
300,190,5,5,[-0.00034356],200,10,80,20,800,400,20,5,60
305,195,5,5,[0.00199984],180,10,80,20,800,400,20,5,60
310,200,5,5,[0.00040568],200,10,80,20,800,400,20,5,60
315,205,5,5,[-0.00118848],220,10,80,20,800,400,20,5,60
320,210,5,5,[0.00115491],200,10,80,20,800,400,20,5,60
325,215,5,5,[-0.00043925],220,10,80,20,800,400,20,5,60
330,220,5,5,[0.00190415],200,10,80,20,800,400,20,5,60
335,225,5,5,[0.00030999],220,10,80,20,800,400,20,5,60
340,230,5,5,[-0.00128417],240,10,80,20,800,400,20,5,60
345,235,5,5,[0.00105923],220,10,80,20,800,400,20,5,60
350,240,5,5,[-0.00053493],240,10,80,20,800,400,20,5,60
355,245,5,5,[0.00180846],220,10,80,20,800,400,20,5,60
360,250,5,5,[0.0002143],240,10,80,20,800,400,20,5,60
365,255,5,5,[-0.00137986],260,10,80,20,800,400,20,5,60
370,260,5,5,[0.00096354],240,10,80,20,800,400,20,5,60
375,265,5,5,[-0.00063062],260,10,80,20,800,400,20,5,60
380,270,5,5,[0.00171278],240,10,80,20,800,400,20,5,60
385,275,5,5,[0.00011861],260,10,80,20,800,400,20,5,60
390,280,5,5,[-0.00147555],280,10,80,20,800,400,20,5,60
395,285,5,5,[0.00086785],260,10,80,20,800,400,20,5,60
400,290,5,5,[-0.00072631],280,10,80,20,800,400,20,5,60
405,295,5,5,[0.00161709],260,10,80,20,800,400,20,5,60
410,300,5,5,[2.29272027e-05],280,10,80,20,800,400,20,5,60
415,305,5,5,[-0.00157123],300,10,80,20,800,400,20,5,60
420,310,5,5,[0.00077216],280,10,80,20,800,400,20,5,60
425,315,5,5,[-0.000822],300,10,80,20,800,400,20,5,60
430,320,5,5,[0.0015214],280,10,80,20,800,400,20,5,60
435,325,5,5,[-7.27603886e-05],300,10,80,20,800,400,20,5,60
440,330,5,5,[0.00227064],280,10,80,20,800,400,20,5,60
445,335,5,5,[0.00067648],300,10,80,20,800,400,20,5,60
450,340,5,5,[-0.00091768],320,10,80,20,800,400,20,5,60
455,345,5,5,[0.00142571],300,10,80,20,800,400,20,5,60
460,350,5,5,[-0.00016845],320,10,80,20,800,400,20,5,60
465,355,5,5,[0.00217495],300,10,80,20,800,400,20,5,60
470,360,5,5,[0.00058079],320,10,80,20,800,400,20,5,60
475,365,5,5,[-0.00101337],340,10,80,20,800,400,20,5,60
480,370,5,5,[0.00133002],320,10,80,20,800,400,20,5,60
485,365,5,-5,[-0.00101337],340,10,80,20,800,400,20,5,60
490,360,5,-5,[0.00058079],320,10,80,20,800,400,20,5,60
495,355,5,-5,[-0.00176261],340,10,80,20,800,400,20,5,60
500,350,5,-5,[-0.00016845],320,10,80,20,800,400,20,5,60
505,345,5,-5,[0.00142571],300,10,80,20,800,400,20,5,60
510,340,5,-5,[-0.00091768],320,10,80,20,800,400,20,5,60
515,335,5,-5,[0.00067648],300,10,80,20,800,400,20,5,60
520,330,5,-5,[-0.00166692],320,10,80,20,800,400,20,5,60
525,325,5,-5,[-7.27603886e-05],300,10,80,20,800,400,20,5,60
530,320,5,-5,[0.0015214],280,10,80,20,800,400,20,5,60
535,315,5,-5,[-0.000822],300,10,80,20,800,400,20,5,60
540,310,5,-5,[0.00077216],280,10,80,20,800,400,20,5,60
545,305,5,-5,[-0.00157123],300,10,80,20,800,400,20,5,60
550,300,5,-5,[2.29272027e-05],280,10,80,20,800,400,20,5,60
555,295,5,-5,[-0.00232047],300,10,80,20,800,400,20,5,60
560,290,5,-5,[-0.00072631],280,10,80,20,800,400,20,5,60
565,285,5,-5,[0.00086785],260,10,80,20,800,400,20,5,60
570,280,5,-5,[-0.00147555],280,10,80,20,800,400,20,5,60
575,275,5,-5,[0.00011861],260,10,80,20,800,400,20,5,60
580,270,5,-5,[-0.00222478],280,10,80,20,800,400,20,5,60
585,265,5,-5,[-0.00063062],260,10,80,20,800,400,20,5,60
590,260,5,-5,[0.00096354],240,10,80,20,800,400,20,5,60
595,255,5,-5,[-0.00137986],260,10,80,20,800,400,20,5,60
600,250,5,-5,[0.0002143],240,10,80,20,800,400,20,5,60
605,245,5,-5,[-0.00212909],260,10,80,20,800,400,20,5,60
610,240,5,-5,[-0.00053493],240,10,80,20,800,400,20,5,60
615,235,5,-5,[0.00105923],220,10,80,20,800,400,20,5,60
620,230,5,-5,[-0.00128417],240,10,80,20,800,400,20,5,60
625,225,5,-5,[0.00030999],220,10,80,20,800,400,20,5,60
630,220,5,-5,[-0.00203341],240,10,80,20,800,400,20,5,60
635,215,5,-5,[-0.00043925],220,10,80,20,800,400,20,5,60
640,210,5,-5,[0.00115491],200,10,80,20,800,400,20,5,60
645,205,5,-5,[-0.00118848],220,10,80,20,800,400,20,5,60
650,200,5,-5,[0.00040568],200,10,80,20,800,400,20,5,60
655,195,5,-5,[-0.00193772],220,10,80,20,800,400,20,5,60
660,190,5,-5,[-0.00034356],200,10,80,20,800,400,20,5,60
665,185,5,-5,[0.0012506],180,10,80,20,800,400,20,5,60
670,180,5,-5,[-0.0010928],200,10,80,20,800,400,20,5,60
675,175,5,-5,[0.00050137],180,10,80,20,800,400,20,5,60
680,170,5,-5,[-0.00184203],200,10,80,20,800,400,20,5,60
685,165,5,-5,[-0.00024787],180,10,80,20,800,400,20,5,60
690,160,5,-5,[0.00134629],160,10,80,20,800,400,20,5,60
695,155,5,-5,[-0.00099711],180,10,80,20,800,400,20,5,60
700,150,5,-5,[0.00059705],160,10,80,20,800,400,20,5,60
705,145,5,-5,[-0.00174634],180,10,80,20,800,400,20,5,60
710,140,5,-5,[-0.00015218],160,10,80,20,800,400,20,5,60
715,135,5,-5,[0.00144198],140,10,80,20,800,400,20,5,60
720,130,5,-5,[-0.00090142],160,10,80,20,800,400,20,5,60
725,125,5,-5,[0.00069274],140,10,80,20,800,400,20,5,60
730,120,5,-5,[-0.00165066],160,10,80,20,800,400,20,5,60
735,115,5,-5,[-5.6495974e-05],140,10,80,20,800,400,20,5,60
740,110,5,-5,[0.00153766],120,10,80,20,800,400,20,5,60
745,105,5,-5,[-0.00080573],140,10,80,20,800,400,20,5,60
750,100,5,-5,[0.00078843],120,10,80,20,800,400,20,5,60
755,95,5,-5,[-0.00155497],140,10,80,20,800,400,20,5,60
760,90,5,-5,[3.91916173e-05],120,10,80,20,800,400,20,5,60
765,85,5,-5,[-0.0023042],140,10,80,20,800,400,20,5,60
770,80,5,-5,[-0.00071004],120,10,80,20,800,400,20,5,60
775,75,5,-5,[0.00088412],100,10,80,20,800,400,20,5,60
770,70,-5,-5,[-0.00145928],120,10,80,20,800,400,20,5,60
765,65,-5,-5,[0.00013488],100,10,80,20,800,400,20,5,60
760,60,-5,-5,[-0.00220852],120,10,80,20,800,400,20,5,60
755,55,-5,-5,[-0.00061436],100,10,80,20,800,400,20,5,60
750,50,-5,-5,[0.0009798],80,10,80,20,800,400,20,5,60
745,45,-5,-5,[-0.00136359],100,10,80,20,800,400,20,5,60
740,40,-5,-5,[0.00023057],80,10,80,20,800,400,20,5,60
735,35,-5,-5,[-0.00211283],100,10,80,20,800,400,20,5,60
730,30,-5,-5,[-0.00051867],80,10,80,20,800,400,20,5,60
725,35,-5,5,[0.00182473],60,10,80,20,800,400,20,5,60
720,40,-5,5,[0.00023057],80,10,80,20,800,400,20,5,60
715,45,-5,5,[-0.00136359],100,10,80,20,800,400,20,5,60
710,50,-5,5,[0.0009798],80,10,80,20,800,400,20,5,60
705,55,-5,5,[-0.00061436],100,10,80,20,800,400,20,5,60
700,60,-5,5,[0.00172904],80,10,80,20,800,400,20,5,60
695,65,-5,5,[0.00013488],100,10,80,20,800,400,20,5,60
690,70,-5,5,[-0.00145928],120,10,80,20,800,400,20,5,60
685,75,-5,5,[0.00088412],100,10,80,20,800,400,20,5,60
680,80,-5,5,[-0.00071004],120,10,80,20,800,400,20,5,60
675,85,-5,5,[0.00163335],100,10,80,20,800,400,20,5,60
670,90,-5,5,[3.91916173e-05],120,10,80,20,800,400,20,5,60
665,95,-5,5,[-0.00155497],140,10,80,20,800,400,20,5,60
660,100,-5,5,[0.00078843],120,10,80,20,800,400,20,5,60
655,105,-5,5,[-0.00080573],140,10,80,20,800,400,20,5,60
650,110,-5,5,[0.00153766],120,10,80,20,800,400,20,5,60
645,115,-5,5,[-5.6495974e-05],140,10,80,20,800,400,20,5,60
640,120,-5,5,[0.0022869],120,10,80,20,800,400,20,5,60
635,125,-5,5,[0.00069274],140,10,80,20,800,400,20,5,60
630,130,-5,5,[-0.00090142],160,10,80,20,800,400,20,5,60
625,135,-5,5,[0.00144198],140,10,80,20,800,400,20,5,60
620,140,-5,5,[-0.00015218],160,10,80,20,800,400,20,5,60
615,145,-5,5,[0.00219121],140,10,80,20,800,400,20,5,60
610,150,-5,5,[0.00059705],160,10,80,20,800,400,20,5,60
605,155,-5,5,[-0.00099711],180,10,80,20,800,400,20,5,60
600,160,-5,5,[0.00134629],160,10,80,20,800,400,20,5,60
595,165,-5,5,[-0.00024787],180,10,80,20,800,400,20,5,60
590,170,-5,5,[0.00209553],160,10,80,20,800,400,20,5,60
585,175,-5,5,[0.00050137],180,10,80,20,800,400,20,5,60
580,180,-5,5,[-0.0010928],200,10,80,20,800,400,20,5,60
575,185,-5,5,[0.0012506],180,10,80,20,800,400,20,5,60
570,190,-5,5,[-0.00034356],200,10,80,20,800,400,20,5,60
565,195,-5,5,[0.00199984],180,10,80,20,800,400,20,5,60
560,200,-5,5,[0.00040568],200,10,80,20,800,400,20,5,60
555,205,-5,5,[-0.00118848],220,10,80,20,800,400,20,5,60
550,210,-5,5,[0.00115491],200,10,80,20,800,400,20,5,60
545,215,-5,5,[-0.00043925],220,10,80,20,800,400,20,5,60
540,220,-5,5,[0.00190415],200,10,80,20,800,400,20,5,60
535,225,-5,5,[0.00030999],220,10,80,20,800,400,20,5,60
530,230,-5,5,[-0.00128417],240,10,80,20,800,400,20,5,60
525,235,-5,5,[0.00105923],220,10,80,20,800,400,20,5,60
520,240,-5,5,[-0.00053493],240,10,80,20,800,400,20,5,60
515,245,-5,5,[0.00180846],220,10,80,20,800,400,20,5,60
510,250,-5,5,[0.0002143],240,10,80,20,800,400,20,5,60
505,255,-5,5,[-0.00137986],260,10,80,20,800,400,20,5,60
500,260,-5,5,[0.00096354],240,10,80,20,800,400,20,5,60
495,265,-5,5,[-0.00063062],260,10,80,20,800,400,20,5,60
490,270,-5,5,[0.00171278],240,10,80,20,800,400,20,5,60
485,275,-5,5,[0.00011861],260,10,80,20,800,400,20,5,60
480,280,-5,5,[-0.00147555],280,10,80,20,800,400,20,5,60
475,285,-5,5,[0.00086785],260,10,80,20,800,400,20,5,60
470,290,-5,5,[-0.00072631],280,10,80,20,800,400,20,5,60
465,295,-5,5,[0.00161709],260,10,80,20,800,400,20,5,60
460,300,-5,5,[2.29272027e-05],280,10,80,20,800,400,20,5,60
455,305,-5,5,[-0.00157123],300,10,80,20,800,400,20,5,60
450,310,-5,5,[0.00077216],280,10,80,20,800,400,20,5,60
445,315,-5,5,[-0.000822],300,10,80,20,800,400,20,5,60
440,320,-5,5,[0.0015214],280,10,80,20,800,400,20,5,60
435,325,-5,5,[-7.27603886e-05],300,10,80,20,800,400,20,5,60
430,330,-5,5,[0.00227064],280,10,80,20,800,400,20,5,60
425,335,-5,5,[0.00067648],300,10,80,20,800,400,20,5,60
420,340,-5,5,[-0.00091768],320,10,80,20,800,400,20,5,60
415,345,-5,5,[0.00142571],300,10,80,20,800,400,20,5,60
410,350,-5,5,[-0.00016845],320,10,80,20,800,400,20,5,60
405,355,-5,5,[0.00217495],300,10,80,20,800,400,20,5,60
400,360,-5,5,[0.00058079],320,10,80,20,800,400,20,5,60
395,365,-5,5,[-0.00101337],340,10,80,20,800,400,20,5,60
390,370,-5,5,[0.00133002],320,10,80,20,800,400,20,5,60
385,365,-5,-5,[-0.00101337],340,10,80,20,800,400,20,5,60
380,360,-5,-5,[0.00058079],320,10,80,20,800,400,20,5,60
375,355,-5,-5,[-0.00176261],340,10,80,20,800,400,20,5,60
370,350,-5,-5,[-0.00016845],320,10,80,20,800,400,20,5,60
365,345,-5,-5,[0.00142571],300,10,80,20,800,400,20,5,60
360,340,-5,-5,[-0.00091768],320,10,80,20,800,400,20,5,60
355,335,-5,-5,[0.00067648],300,10,80,20,800,400,20,5,60
350,330,-5,-5,[-0.00166692],320,10,80,20,800,400,20,5,60
345,325,-5,-5,[-7.27603886e-05],300,10,80,20,800,400,20,5,60
340,320,-5,-5,[0.0015214],280,10,80,20,800,400,20,5,60
335,315,-5,-5,[-0.000822],300,10,80,20,800,400,20,5,60
330,310,-5,-5,[0.00077216],280,10,80,20,800,400,20,5,60
325,305,-5,-5,[-0.00157123],300,10,80,20,800,400,20,5,60
320,300,-5,-5,[2.29272027e-05],280,10,80,20,800,400,20,5,60
315,295,-5,-5,[-0.00232047],300,10,80,20,800,400,20,5,60
310,290,-5,-5,[-0.00072631],280,10,80,20,800,400,20,5,60
305,285,-5,-5,[0.00086785],260,10,80,20,800,400,20,5,60
300,280,-5,-5,[-0.00147555],280,10,80,20,800,400,20,5,60
295,275,-5,-5,[0.00011861],260,10,80,20,800,400,20,5,60
290,270,-5,-5,[-0.00222478],280,10,80,20,800,400,20,5,60
285,265,-5,-5,[-0.00063062],260,10,80,20,800,400,20,5,60
280,260,-5,-5,[0.00096354],240,10,80,20,800,400,20,5,60
275,255,-5,-5,[-0.00137986],260,10,80,20,800,400,20,5,60
270,250,-5,-5,[0.0002143],240,10,80,20,800,400,20,5,60
265,245,-5,-5,[-0.00212909],260,10,80,20,800,400,20,5,60
260,240,-5,-5,[-0.00053493],240,10,80,20,800,400,20,5,60
255,235,-5,-5,[0.00105923],220,10,80,20,800,400,20,5,60
250,230,-5,-5,[-0.00128417],240,10,80,20,800,400,20,5,60
245,225,-5,-5,[0.00030999],220,10,80,20,800,400,20,5,60
240,220,-5,-5,[-0.00203341],240,10,80,20,800,400,20,5,60
235,215,-5,-5,[-0.00043925],220,10,80,20,800,400,20,5,60
230,210,-5,-5,[0.00115491],200,10,80,20,800,400,20,5,60
225,205,-5,-5,[-0.00118848],220,10,80,20,800,400,20,5,60
220,200,-5,-5,[0.00040568],200,10,80,20,800,400,20,5,60
215,195,-5,-5,[-0.00193772],220,10,80,20,800,400,20,5,60
210,190,-5,-5,[-0.00034356],200,10,80,20,800,400,20,5,60
205,185,-5,-5,[0.0012506],180,10,80,20,800,400,20,5,60
200,180,-5,-5,[-0.0010928],200,10,80,20,800,400,20,5,60
195,175,-5,-5,[0.00050137],180,10,80,20,800,400,20,5,60
190,170,-5,-5,[-0.00184203],200,10,80,20,800,400,20,5,60
185,165,-5,-5,[-0.00024787],180,10,80,20,800,400,20,5,60
180,160,-5,-5,[0.00134629],160,10,80,20,800,400,20,5,60
175,155,-5,-5,[-0.00099711],180,10,80,20,800,400,20,5,60
170,150,-5,-5,[0.00059705],160,10,80,20,800,400,20,5,60
165,145,-5,-5,[-0.00174634],180,10,80,20,800,400,20,5,60
160,140,-5,-5,[-0.00015218],160,10,80,20,800,400,20,5,60
155,135,-5,-5,[0.00144198],140,10,80,20,800,400,20,5,60
150,130,-5,-5,[-0.00090142],160,10,80,20,800,400,20,5,60
145,125,-5,-5,[0.00069274],140,10,80,20,800,400,20,5,60
140,120,-5,-5,[-0.00165066],160,10,80,20,800,400,20,5,60
135,115,-5,-5,[-5.6495974e-05],140,10,80,20,800,400,20,5,60
130,110,-5,-5,[0.00153766],120,10,80,20,800,400,20,5,60
125,105,-5,-5,[-0.00080573],140,10,80,20,800,400,20,5,60
120,100,-5,-5,[0.00078843],120,10,80,20,800,400,20,5,60
115,95,-5,-5,[-0.00155497],140,10,80,20,800,400,20,5,60
110,90,-5,-5,[3.91916173e-05],120,10,80,20,800,400,20,5,60
105,85,-5,-5,[-0.0023042],140,10,80,20,800,400,20,5,60
100,80,-5,-5,[-0.00071004],120,10,80,20,800,400,20,5,60
95,75,-5,-5,[0.00088412],100,10,80,20,800,400,20,5,60
90,70,-5,-5,[-0.00145928],120,10,80,20,800,400,20,5,60
85,65,-5,-5,[0.00013488],100,10,80,20,800,400,20,5,60
80,60,-5,-5,[-0.00220852],120,10,80,20,800,400,20,5,60
75,55,-5,-5,[-0.00061436],100,10,80,20,800,400,20,5,60
70,50,-5,-5,[0.0009798],80,10,80,20,800,400,20,5,60
65,45,-5,-5,[-0.00136359],100,10,80,20,800,400,20,5,60
60,40,-5,-5,[0.00023057],80,10,80,20,800,400,20,5,60
55,35,-5,-5,[-0.00211283],100,10,80,20,800,400,20,5,60
50,30,-5,-5,[-0.00051867],80,10,80,20,800,400,20,5,60
45,35,-5,5,[0.00182473],60,10,80,20,800,400,20,5,60
40,40,-5,5,[0.00023057],80,10,80,20,800,400,20,5,60
35,45,-5,5,[-0.00136359],100,10,80,20,800,400,20,5,60
30,50,-5,5,[0.0009798],80,10,80,20,800,400,20,5,60
35,55,5,5,[-0.00061436],100,10,80,20,800,400,20,5,60
40,60,5,5,[0.00172904],80,10,80,20,800,400,20,5,60
45,65,5,5,[0.00013488],100,10,80,20,800,400,20,5,60
50,70,5,5,[-0.00145928],120,10,80,20,800,400,20,5,60
55,75,5,5,[0.00088412],100,10,80,20,800,400,20,5,60
60,80,5,5,[-0.00071004],120,10,80,20,800,400,20,5,60
65,85,5,5,[0.00163335],100,10,80,20,800,400,20,5,60
70,90,5,5,[3.91916173e-05],120,10,80,20,800,400,20,5,60
75,95,5,5,[-0.00155497],140,10,80,20,800,400,20,5,60
80,100,5,5,[0.00078843],120,10,80,20,800,400,20,5,60
85,105,5,5,[-0.00080573],140,10,80,20,800,400,20,5,60
90,110,5,5,[0.00153766],120,10,80,20,800,400,20,5,60
95,115,5,5,[-5.6495974e-05],140,10,80,20,800,400,20,5,60
100,120,5,5,[0.0022869],120,10,80,20,800,400,20,5,60
105,125,5,5,[0.00069274],140,10,80,20,800,400,20,5,60
110,130,5,5,[-0.00090142],160,10,80,20,800,400,20,5,60
115,135,5,5,[0.00144198],140,10,80,20,800,400,20,5,60
120,140,5,5,[-0.00015218],160,10,80,20,800,400,20,5,60
125,145,5,5,[0.00219121],140,10,80,20,800,400,20,5,60
130,150,5,5,[0.00059705],160,10,80,20,800,400,20,5,60
135,155,5,5,[-0.00099711],180,10,80,20,800,400,20,5,60
140,160,5,5,[0.00134629],160,10,80,20,800,400,20,5,60
145,165,5,5,[-0.00024787],180,10,80,20,800,400,20,5,60
150,170,5,5,[0.00209553],160,10,80,20,800,400,20,5,60
155,175,5,5,[0.00050137],180,10,80,20,800,400,20,5,60
160,180,5,5,[-0.0010928],200,10,80,20,800,400,20,5,60
165,185,5,5,[0.0012506],180,10,80,20,800,400,20,5,60
170,190,5,5,[-0.00034356],200,10,80,20,800,400,20,5,60
175,195,5,5,[0.00199984],180,10,80,20,800,400,20,5,60
180,200,5,5,[0.00040568],200,10,80,20,800,400,20,5,60
185,205,5,5,[-0.00118848],220,10,80,20,800,400,20,5,60
190,210,5,5,[0.00115491],200,10,80,20,800,400,20,5,60
195,215,5,5,[-0.00043925],220,10,80,20,800,400,20,5,60
200,220,5,5,[0.00190415],200,10,80,20,800,400,20,5,60
205,225,5,5,[0.00030999],220,10,80,20,800,400,20,5,60
210,230,5,5,[-0.00128417],240,10,80,20,800,400,20,5,60
215,235,5,5,[0.00105923],220,10,80,20,800,400,20,5,60
220,240,5,5,[-0.00053493],240,10,80,20,800,400,20,5,60
225,245,5,5,[0.00180846],220,10,80,20,800,400,20,5,60
230,250,5,5,[0.0002143],240,10,80,20,800,400,20,5,60
235,255,5,5,[-0.00137986],260,10,80,20,800,400,20,5,60
240,260,5,5,[0.00096354],240,10,80,20,800,400,20,5,60
245,265,5,5,[-0.00063062],260,10,80,20,800,400,20,5,60
250,270,5,5,[0.00171278],240,10,80,20,800,400,20,5,60
255,275,5,5,[0.00011861],260,10,80,20,800,400,20,5,60
260,280,5,5,[-0.00147555],280,10,80,20,800,400,20,5,60
265,285,5,5,[0.00086785],260,10,80,20,800,400,20,5,60
270,290,5,5,[-0.00072631],280,10,80,20,800,400,20,5,60
275,295,5,5,[0.00161709],260,10,80,20,800,400,20,5,60
280,300,5,5,[2.29272027e-05],280,10,80,20,800,400,20,5,60
285,305,5,5,[-0.00157123],300,10,80,20,800,400,20,5,60
290,310,5,5,[0.00077216],280,10,80,20,800,400,20,5,60
295,315,5,5,[-0.000822],300,10,80,20,800,400,20,5,60
300,320,5,5,[0.0015214],280,10,80,20,800,400,20,5,60
305,325,5,5,[-7.27603886e-05],300,10,80,20,800,400,20,5,60
310,330,5,5,[0.00227064],280,10,80,20,800,400,20,5,60
315,335,5,5,[0.00067648],300,10,80,20,800,400,20,5,60
320,340,5,5,[-0.00091768],320,10,80,20,800,400,20,5,60
325,345,5,5,[0.00142571],300,10,80,20,800,400,20,5,60
330,350,5,5,[-0.00016845],320,10,80,20,800,400,20,5,60
335,355,5,5,[0.00217495],300,10,80,20,800,400,20,5,60
340,360,5,5,[0.00058079],320,10,80,20,800,400,20,5,60
345,365,5,5,[-0.00101337],340,10,80,20,800,400,20,5,60
350,370,5,5,[0.00133002],320,10,80,20,800,400,20,5,60
355,365,5,-5,[-0.00101337],340,10,80,20,800,400,20,5,60
360,360,5,-5,[0.00058079],320,10,80,20,800,400,20,5,60
365,355,5,-5,[-0.00176261],340,10,80,20,800,400,20,5,60
370,350,5,-5,[-0.00016845],320,10,80,20,800,400,20,5,60
375,345,5,-5,[0.00142571],300,10,80,20,800,400,20,5,60
380,340,5,-5,[-0.00091768],320,10,80,20,800,400,20,5,60
385,335,5,-5,[0.00067648],300,10,80,20,800,400,20,5,60
390,330,5,-5,[-0.00166692],320,10,80,20,800,400,20,5,60
395,325,5,-5,[-7.27603886e-05],300,10,80,20,800,400,20,5,60
400,320,5,-5,[0.0015214],280,10,80,20,800,400,20,5,60
405,315,5,-5,[-0.000822],300,10,80,20,800,400,20,5,60
410,310,5,-5,[0.00077216],280,10,80,20,800,400,20,5,60
415,305,5,-5,[-0.00157123],300,10,80,20,800,400,20,5,60
420,300,5,-5,[2.29272027e-05],280,10,80,20,800,400,20,5,60
425,295,5,-5,[-0.00232047],300,10,80,20,800,400,20,5,60
430,290,5,-5,[-0.00072631],280,10,80,20,800,400,20,5,60
435,285,5,-5,[0.00086785],260,10,80,20,800,400,20,5,60
440,280,5,-5,[-0.00147555],280,10,80,20,800,400,20,5,60
445,275,5,-5,[0.00011861],260,10,80,20,800,400,20,5,60
450,270,5,-5,[-0.00222478],280,10,80,20,800,400,20,5,60
455,265,5,-5,[-0.00063062],260,10,80,20,800,400,20,5,60
460,260,5,-5,[0.00096354],240,10,80,20,800,400,20,5,60
465,255,5,-5,[-0.00137986],260,10,80,20,800,400,20,5,60
470,250,5,-5,[0.0002143],240,10,80,20,800,400,20,5,60
475,245,5,-5,[-0.00212909],260,10,80,20,800,400,20,5,60
480,240,5,-5,[-0.00053493],240,10,80,20,800,400,20,5,60
485,235,5,-5,[0.00105923],220,10,80,20,800,400,20,5,60
490,230,5,-5,[-0.00128417],240,10,80,20,800,400,20,5,60
495,225,5,-5,[0.00030999],220,10,80,20,800,400,20,5,60
500,220,5,-5,[-0.00203341],240,10,80,20,800,400,20,5,60
505,215,5,-5,[-0.00043925],220,10,80,20,800,400,20,5,60
510,210,5,-5,[0.00115491],200,10,80,20,800,400,20,5,60
515,205,5,-5,[-0.00118848],220,10,80,20,800,400,20,5,60
520,200,5,-5,[0.00040568],200,10,80,20,800,400,20,5,60
525,195,5,-5,[-0.00193772],220,10,80,20,800,400,20,5,60
530,190,5,-5,[-0.00034356],200,10,80,20,800,400,20,5,60
535,185,5,-5,[0.0012506],180,10,80,20,800,400,20,5,60
540,180,5,-5,[-0.0010928],200,10,80,20,800,400,20,5,60
545,175,5,-5,[0.00050137],180,10,80,20,800,400,20,5,60
550,170,5,-5,[-0.00184203],200,10,80,20,800,400,20,5,60
555,165,5,-5,[-0.00024787],180,10,80,20,800,400,20,5,60
560,160,5,-5,[0.00134629],160,10,80,20,800,400,20,5,60
565,155,5,-5,[-0.00099711],180,10,80,20,800,400,20,5,60
570,150,5,-5,[0.00059705],160,10,80,20,800,400,20,5,60
575,145,5,-5,[-0.00174634],180,10,80,20,800,400,20,5,60
580,140,5,-5,[-0.00015218],160,10,80,20,800,400,20,5,60
585,135,5,-5,[0.00144198],140,10,80,20,800,400,20,5,60
590,130,5,-5,[-0.00090142],160,10,80,20,800,400,20,5,60
595,125,5,-5,[0.00069274],140,10,80,20,800,400,20,5,60
600,120,5,-5,[-0.00165066],160,10,80,20,800,400,20,5,60
605,115,5,-5,[-5.6495974e-05],140,10,80,20,800,400,20,5,60
610,110,5,-5,[0.00153766],120,10,80,20,800,400,20,5,60
615,105,5,-5,[-0.00080573],140,10,80,20,800,400,20,5,60
620,100,5,-5,[0.00078843],120,10,80,20,800,400,20,5,60
625,95,5,-5,[-0.00155497],140,10,80,20,800,400,20,5,60
630,90,5,-5,[3.91916173e-05],120,10,80,20,800,400,20,5,60
635,85,5,-5,[-0.0023042],140,10,80,20,800,400,20,5,60
640,80,5,-5,[-0.00071004],120,10,80,20,800,400,20,5,60
645,75,5,-5,[0.00088412],100,10,80,20,800,400,20,5,60
650,70,5,-5,[-0.00145928],120,10,80,20,800,400,20,5,60
655,65,5,-5,[0.00013488],100,10,80,20,800,400,20,5,60
660,60,5,-5,[-0.00220852],120,10,80,20,800,400,20,5,60
665,55,5,-5,[-0.00061436],100,10,80,20,800,400,20,5,60
670,50,5,-5,[0.0009798],80,10,80,20,800,400,20,5,60
675,45,5,-5,[-0.00136359],100,10,80,20,800,400,20,5,60
680,40,5,-5,[0.00023057],80,10,80,20,800,400,20,5,60
685,35,5,-5,[-0.00211283],100,10,80,20,800,400,20,5,60
690,30,5,-5,[-0.00051867],80,10,80,20,800,400,20,5,60
695,35,5,5,[0.00182473],60,10,80,20,800,400,20,5,60
700,40,5,5,[0.00023057],80,10,80,20,800,400,20,5,60
705,45,5,5,[-0.00136359],100,10,80,20,800,400,20,5,60
710,50,5,5,[0.0009798],80,10,80,20,800,400,20,5,60
715,55,5,5,[-0.00061436],100,10,80,20,800,400,20,5,60
720,60,5,5,[0.00172904],80,10,80,20,800,400,20,5,60
725,65,5,5,[0.00013488],100,10,80,20,800,400,20,5,60
730,70,5,5,[-0.00145928],120,10,80,20,800,400,20,5,60
735,75,5,5,[0.00088412],100,10,80,20,800,400,20,5,60
740,80,5,5,[-0.00071004],120,10,80,20,800,400,20,5,60
745,85,5,5,[0.00163335],100,10,80,20,800,400,20,5,60
750,90,5,5,[3.91916173e-05],120,10,80,20,800,400,20,5,60
755,95,5,5,[-0.00155497],140,10,80,20,800,400,20,5,60
760,100,5,5,[0.00078843],120,10,80,20,800,400,20,5,60
765,105,5,5,[-0.00080573],140,10,80,20,800,400,20,5,60
770,110,5,5,[0.00153766],120,10,80,20,800,400,20,5,60
765,115,-5,5,[-5.6495974e-05],140,10,80,20,800,400,20,5,60
760,120,-5,5,[0.0022869],120,10,80,20,800,400,20,5,60
755,125,-5,5,[0.00069274],140,10,80,20,800,400,20,5,60
750,130,-5,5,[-0.00090142],160,10,80,20,800,400,20,5,60
745,135,-5,5,[0.00144198],140,10,80,20,800,400,20,5,60
740,140,-5,5,[-0.00015218],160,10,80,20,800,400,20,5,60
735,145,-5,5,[0.00219121],140,10,80,20,800,400,20,5,60
730,150,-5,5,[0.00059705],160,10,80,20,800,400,20,5,60
725,155,-5,5,[-0.00099711],180,10,80,20,800,400,20,5,60
720,160,-5,5,[0.00134629],160,10,80,20,800,400,20,5,60
715,165,-5,5,[-0.00024787],180,10,80,20,800,400,20,5,60
710,170,-5,5,[0.00209553],160,10,80,20,800,400,20,5,60
705,175,-5,5,[0.00050137],180,10,80,20,800,400,20,5,60
700,180,-5,5,[-0.0010928],200,10,80,20,800,400,20,5,60
695,185,-5,5,[0.0012506],180,10,80,20,800,400,20,5,60
690,190,-5,5,[-0.00034356],200,10,80,20,800,400,20,5,60
685,195,-5,5,[0.00199984],180,10,80,20,800,400,20,5,60
680,200,-5,5,[0.00040568],200,10,80,20,800,400,20,5,60
675,205,-5,5,[-0.00118848],220,10,80,20,800,400,20,5,60
670,210,-5,5,[0.00115491],200,10,80,20,800,400,20,5,60
665,215,-5,5,[-0.00043925],220,10,80,20,800,400,20,5,60
660,220,-5,5,[0.00190415],200,10,80,20,800,400,20,5,60
655,225,-5,5,[0.00030999],220,10,80,20,800,400,20,5,60
650,230,-5,5,[-0.00128417],240,10,80,20,800,400,20,5,60
645,235,-5,5,[0.00105923],220,10,80,20,800,400,20,5,60
640,240,-5,5,[-0.00053493],240,10,80,20,800,400,20,5,60
635,245,-5,5,[0.00180846],220,10,80,20,800,400,20,5,60
630,250,-5,5,[0.0002143],240,10,80,20,800,400,20,5,60
625,255,-5,5,[-0.00137986],260,10,80,20,800,400,20,5,60
620,260,-5,5,[0.00096354],240,10,80,20,800,400,20,5,60
615,265,-5,5,[-0.00063062],260,10,80,20,800,400,20,5,60
610,270,-5,5,[0.00171278],240,10,80,20,800,400,20,5,60
605,275,-5,5,[0.00011861],260,10,80,20,800,400,20,5,60
600,280,-5,5,[-0.00147555],280,10,80,20,800,400,20,5,60
595,285,-5,5,[0.00086785],260,10,80,20,800,400,20,5,60
590,290,-5,5,[-0.00072631],280,10,80,20,800,400,20,5,60
585,295,-5,5,[0.00161709],260,10,80,20,800,400,20,5,60
580,300,-5,5,[2.29272027e-05],280,10,80,20,800,400,20,5,60
575,305,-5,5,[-0.00157123],300,10,80,20,800,400,20,5,60
570,310,-5,5,[0.00077216],280,10,80,20,800,400,20,5,60
565,315,-5,5,[-0.000822],300,10,80,20,800,400,20,5,60
560,320,-5,5,[0.0015214],280,10,80,20,800,400,20,5,60
555,325,-5,5,[-7.27603886e-05],300,10,80,20,800,400,20,5,60
